{
  "lang":"en",
  "name":"pipeline",
  "version":"0.0.0",
  "spacy_version":">=3.7.4,<3.8.0",
  "description":"",
  "author":"",
  "email":"",
  "url":"",
  "license":"",
  "spacy_git_version":"bff8725f4",
  "vectors":{
    "width":0,
    "vectors":0,
    "keys":0,
    "name":null,
    "mode":"default"
  },
  "labels":{
    "tok2vec":[

    ],
    "ner":[
      "B-DES",
      "B-EMAIL",
      "B-NAME",
      "B-ORG",
      "B-PHOE",
      "B-PHONE",
      "B-WEB",
      "DES",
      "EMAIL",
      "I-DE",
      "I-DES",
      "I-EMAIL",
      "I-NAME",
      "I-OR",
      "I-ORG",
      "I-PHONE",
      "I-WEB",
      "NAME",
      "ORG",
      "PHONE",
      "WEB"
    ]
  },
  "pipeline":[
    "tok2vec",
    "ner"
  ],
  "components":[
    "tok2vec",
    "ner"
  ],
  "disabled":[

  ],
  "performance":{
    "ents_f":0.6113537118,
    "ents_p":0.7035175879,
    "ents_r":0.5405405405,
    "ents_per_type":{
      "B-PHONE":{
        "p":0.6764705882,
        "r":0.6216216216,
        "f":0.6478873239
      },
      "I-PHONE":{
        "p":0.65,
        "r":0.5,
        "f":0.5652173913
      },
      "B-NAME":{
        "p":0.9285714286,
        "r":0.5416666667,
        "f":0.6842105263
      },
      "I-NAME":{
        "p":0.9411764706,
        "r":0.5161290323,
        "f":0.6666666667
      },
      "B-DES":{
        "p":0.5238095238,
        "r":0.6470588235,
        "f":0.5789473684
      },
      "B-EMAIL":{
        "p":0.8888888889,
        "r":0.7272727273,
        "f":0.8
      },
      "I-DES":{
        "p":0.5714285714,
        "r":0.3636363636,
        "f":0.4444444444
      },
      "B-WEB":{
        "p":0.7,
        "r":0.7,
        "f":0.7
      },
      "I-ORG":{
        "p":0.7222222222,
        "r":0.5777777778,
        "f":0.6419753086
      },
      "B-ORG":{
        "p":0.5,
        "r":0.3181818182,
        "f":0.3888888889
      },
      "I-EMAIL":{
        "p":0.0,
        "r":0.0,
        "f":0.0
      },
      "I-WEB":{
        "p":0.0,
        "r":0.0,
        "f":0.0
      },
      "ORG":{
        "p":0.0,
        "r":0.0,
        "f":0.0
      }
    },
    "tok2vec_loss":509.7795011204,
    "ner_loss":371.8395870176
  }
}