{
  "lang":"en",
  "name":"pipeline",
  "version":"0.0.0",
  "spacy_version":">=3.7.4,<3.8.0",
  "description":"",
  "author":"",
  "email":"",
  "url":"",
  "license":"",
  "spacy_git_version":"bff8725f4",
  "vectors":{
    "width":0,
    "vectors":0,
    "keys":0,
    "name":null,
    "mode":"default"
  },
  "labels":{
    "tok2vec":[

    ],
    "ner":[
      "B-DES",
      "B-EMAIL",
      "B-NAME",
      "B-ORG",
      "B-PHOE",
      "B-PHONE",
      "B-WEB",
      "DES",
      "EMAIL",
      "I-DE",
      "I-DES",
      "I-EMAIL",
      "I-NAME",
      "I-OR",
      "I-ORG",
      "I-PHONE",
      "I-WEB",
      "NAME",
      "ORG",
      "PHONE",
      "WEB"
    ]
  },
  "pipeline":[
    "tok2vec",
    "ner"
  ],
  "components":[
    "tok2vec",
    "ner"
  ],
  "disabled":[

  ],
  "performance":{
    "ents_f":0.6895074946,
    "ents_p":0.7740384615,
    "ents_r":0.6216216216,
    "ents_per_type":{
      "B-PHONE":{
        "p":0.7714285714,
        "r":0.7297297297,
        "f":0.75
      },
      "I-PHONE":{
        "p":0.7391304348,
        "r":0.6538461538,
        "f":0.693877551
      },
      "B-NAME":{
        "p":0.9375,
        "r":0.625,
        "f":0.75
      },
      "I-NAME":{
        "p":0.95,
        "r":0.6129032258,
        "f":0.7450980392
      },
      "B-DES":{
        "p":0.6,
        "r":0.5294117647,
        "f":0.5625
      },
      "B-EMAIL":{
        "p":1.0,
        "r":0.7272727273,
        "f":0.8421052632
      },
      "I-DES":{
        "p":0.5625,
        "r":0.4090909091,
        "f":0.4736842105
      },
      "B-ORG":{
        "p":0.7333333333,
        "r":0.5,
        "f":0.5945945946
      },
      "I-ORG":{
        "p":0.7073170732,
        "r":0.6444444444,
        "f":0.6744186047
      },
      "B-WEB":{
        "p":0.9,
        "r":0.9,
        "f":0.9
      },
      "I-EMAIL":{
        "p":0.0,
        "r":0.0,
        "f":0.0
      },
      "I-WEB":{
        "p":0.0,
        "r":0.0,
        "f":0.0
      },
      "ORG":{
        "p":0.0,
        "r":0.0,
        "f":0.0
      }
    },
    "tok2vec_loss":663.9663136182,
    "ner_loss":1006.0737255202
  }
}